id,gender
641101,Female
641102,NA
641103,Male
641104,NA
641105,Male
641106,Male
641107,Male
641108,Male
641109,Female
641110,Male
641111,Female
641112,Male
641113,Male
641114,NA
641115,Female
641116,Male
641117,Male
641118,Male
641119,Female
641120,Male
641121,Female
641122,Multiple faces detected
641123,Female
641124,Male
641125,Female
641126,Female
641127,Male
641128,Male
641129,Female
641130,Male
641131,Female
641132,Male
641133,Female
641134,Multiple faces detected
641135,Male
641136,Female
641137,Male
641138,Multiple faces detected
641139,NA
641140,NA
641141,Female
641142,Multiple faces detected
641143,Male
641144,Male
641145,NA
641146,Multiple faces detected
641147,NA
641148,NA
641149,NA
641150,NA
641151,NA
641152,Female
641153,Female
641154,Male
641155,Female
641156,Male
641157,Female
641158,Male
641159,Male
641160,NA
641161,Male
641162,Male
641163,NA
641164,NA
641165,Male
641166,NA
641167,Male
641168,Female
641169,Male
641170,Female
641171,Female
641172,Female
641173,NA
641174,NA
641175,Female
641176,NA
641177,Multiple faces detected
641178,NA
641179,Female
641180,NA
641181,Female
641182,Male
641183,Multiple faces detected
641184,Female
641185,NA
641186,NA
641187,Female
641188,Female
641189,Male
641190,NA
641191,Female
641192,Female
641193,Female
641194,Female
641195,Male
641196,NA
641197,Male
641198,Female
641199,Male
641200,Male
641201,Female
641202,Female
641203,Multiple faces detected
641204,NA
641205,Female
641206,Male
641207,Female
641208,Male
641209,Male
641210,NA
641211,Male
641212,Female
641213,Male
641214,NA
641215,Male
641216,Male
641217,Female
641218,Female
641219,Female
641220,Male
641221,Female
641222,Female
641223,Multiple faces detected
641224,Female
641225,Male
641226,Male
641227,Female
641228,Male
641229,Male
641230,Female
641231,Female
641232,Female
641233,Male
641234,Female
641235,NA
641236,Male
641237,NA
641238,Male
641239,Female
641240,Male
641241,Male
641242,Multiple faces detected
641243,Male
641244,Female
641245,Multiple faces detected
641246,Multiple faces detected
641247,Female
641248,Female
641249,Multiple faces detected
641250,Multiple faces detected
641251,Female
641252,Multiple faces detected
641253,Female
641254,Female
641255,Female
641256,Male
641257,NA
641258,Female
641259,Male
641260,Male
641261,Female
641262,Male
641263,Male
641264,NA
641265,Male
641266,Male
641267,Female
641268,Multiple faces detected
641269,Male
641270,NA
641271,Male
641272,Female
641273,NA
641274,Male
641275,Female
641276,Multiple faces detected
641277,NA
641278,Female
641279,Male
641280,Male
641281,Male
641282,Multiple faces detected
641283,Male
641284,Male
641285,Female
641286,Male
641287,Male
641288,Male
641289,Male
641290,Male
641291,Male
641292,Male
641293,Male
641294,Male
641295,Female
641296,Female
641297,Female
641298,Male
641299,Male
641300,Male
641301,Male
